frequency_ghz,s11_db,s21_db,sample_id,measurement_id,label,data_source
1.5,-12.656266967055116,-3.575324214579748,C01-S001,C01-S001-M01,Unsupported Label,SIMULATED
1.50375,-12.217082075496528,-3.3472967211692426,C01-S001,C01-S001-M01,Unsupported Label,SIMULATED
1.5075,-12.339606031063218,-4.0236670038927915,C01-S001,C01-S001-M01,Unsupported Label,SIMULATED
1.51125,-12.238576087290648,-3.855136338398358,C01-S001,C01-S001-M01,Unsupported Label,SIMULATED
1.515,-12.477781578917748,-3.8980731679737954,C01-S001,C01-S001-M01,Unsupported Label,SIMULATED
1.51875,-11.945939813003235,-4.100514183350507,C01-S001,C01-S001-M01,Unsupported Label,SIMULATED
1.5225,-11.963899703576576,-3.7010767862940845,C01-S001,C01-S001-M01,Unsupported Label,SIMULATED
1.52625,-12.164523647283128,-3.3560436221571144,C01-S001,C01-S001-M01,Unsupported Label,SIMULATED
1.53,-11.83290479795801,-3.6016804791075927,C01-S001,C01-S001-M01,Unsupported Label,SIMULATED
1.53375,-12.017249572915366,-3.483044576746374,C01-S001,C01-S001-M01,Unsupported Label,SIMULATED
1.5375,-12.401429289510869,-3.2661329971911384,C01-S001,C01-S001-M01,Unsupported Label,SIMULATED
1.54125,-12.018903285189953,-3.2057768607338595,C01-S001,C01-S001-M01,Unsupported Label,SIMULATED
1.545,-12.402862607379108,-3.5377569605604564,C01-S001,C01-S001-M01,Unsupported Label,SIMULATED
1.54875,-11.8371495472954,-3.1929325784977327,C01-S001,C01-S001-M01,Unsupported Label,SIMULATED
1.5525,-12.101002433105666,-3.4922204885042776,C01-S001,C01-S001-M01,Unsupported Label,SIMULATED
1.55625,-12.126712766025554,-3.7117741315680006,C01-S001,C01-S001-M01,Unsupported Label,SIMULATED
1.56,-12.26068822553979,-3.64987412802992,C01-S001,C01-S001-M01,Unsupported Label,SIMULATED
1.56375,-11.674764989698796,-3.858940111318975,C01-S001,C01-S001-M01,Unsupported Label,SIMULATED
1.5675,-12.073003999620097,-3.713152716612315,C01-S001,C01-S001-M01,Unsupported Label,SIMULATED
1.57125,-12.140298117846283,-3.5823319601226205,C01-S001,C01-S001-M01,Unsupported Label,SIMULATED
1.575,-12.102668441862058,-3.2999952235052037,C01-S001,C01-S001-M01,Unsupported Label,SIMULATED
1.57875,-11.822675283530218,-3.076380997643553,C01-S001,C01-S001-M01,Unsupported Label,SIMULATED
1.5825,-11.858222449934937,-3.8176839545108066,C01-S001,C01-S001-M01,Unsupported Label,SIMULATED
1.58625,-11.829708149566613,-3.388382836315055,C01-S001,C01-S001-M01,Unsupported Label,SIMULATED
1.59,-11.810174864776883,-3.7292211140093476,C01-S001,C01-S001-M01,Unsupported Label,SIMULATED
1.59375,-11.283077005079031,-3.3625419540256245,C01-S001,C01-S001-M01,Unsupported Label,SIMULATED
1.5975,-12.033938213598795,-3.5050794254309903,C01-S001,C01-S001-M01,Unsupported Label,SIMULATED
1.60125,-12.05245608622671,-3.9103768753114894,C01-S001,C01-S001-M01,Unsupported Label,SIMULATED
1.605,-12.130045945440585,-3.2457209039313337,C01-S001,C01-S001-M01,Unsupported Label,SIMULATED
1.60875,-11.68864587878912,-3.6114968463818933,C01-S001,C01-S001-M01,Unsupported Label,SIMULATED
1.6125,-11.522700909224495,-3.5924684477055417,C01-S001,C01-S001-M01,Unsupported Label,SIMULATED
1.61625,-11.883988731764255,-3.7193787952220094,C01-S001,C01-S001-M01,Unsupported Label,SIMULATED
1.62,-12.090753059708863,-3.618260440358973,C01-S001,C01-S001-M01,Unsupported Label,SIMULATED
1.62375,-12.075471501611855,-3.357439066415433,C01-S001,C01-S001-M01,Unsupported Label,SIMULATED
1.6275,-11.622918278626187,-3.504774809972772,C01-S001,C01-S001-M01,Unsupported Label,SIMULATED
1.63125,-11.585664179853788,-3.3800400463840328,C01-S001,C01-S001-M01,Unsupported Label,SIMULATED
1.635,-11.63683994378629,-3.3719753391582614,C01-S001,C01-S001-M01,Unsupported Label,SIMULATED
1.63875,-11.991211243986921,-3.142165092653707,C01-S001,C01-S001-M01,Unsupported Label,SIMULATED
1.6425,-11.714331837562899,-3.5420634521305456,C01-S001,C01-S001-M01,Unsupported Label,SIMULATED
1.64625,-11.74206826091563,-3.815308198715348,C01-S001,C01-S001-M01,Unsupported Label,SIMULATED
1.65,-11.705253673467304,-3.206205350914555,C01-S001,C01-S001-M01,Unsupported Label,SIMULATED
1.65375,-11.503929457525397,-3.543792455244202,C01-S001,C01-S001-M01,Unsupported Label,SIMULATED
1.6575,-11.693506419847713,-3.199060186267533,C01-S001,C01-S001-M01,Unsupported Label,SIMULATED
1.66125,-11.552883148243742,-3.377318867209799,C01-S001,C01-S001-M01,Unsupported Label,SIMULATED
1.665,-11.733015137396945,-3.5040177369897787,C01-S001,C01-S001-M01,Unsupported Label,SIMULATED
1.66875,-11.664056913760332,-3.392509663652305,C01-S001,C01-S001-M01,Unsupported Label,SIMULATED
1.6724999999999999,-11.559693432128485,-3.0121062370705274,C01-S001,C01-S001-M01,Unsupported Label,SIMULATED
1.67625,-12.185306472413668,-2.986474934335317,C01-S001,C01-S001-M01,Unsupported Label,SIMULATED
1.68,-11.843941242035683,-3.4733718171526435,C01-S001,C01-S001-M01,Unsupported Label,SIMULATED
1.68375,-11.889838096025068,-3.4571259388735798,C01-S001,C01-S001-M01,Unsupported Label,SIMULATED
1.6875,-11.941886573340966,-3.2433001019810703,C01-S001,C01-S001-M01,Unsupported Label,SIMULATED
1.69125,-11.835075808648021,-3.7110613729938375,C01-S001,C01-S001-M01,Unsupported Label,SIMULATED
1.695,-11.30717442449049,-3.4351499654279203,C01-S001,C01-S001-M01,Unsupported Label,SIMULATED
1.69875,-12.019342664817058,-3.528756391018648,C01-S001,C01-S001-M01,Unsupported Label,SIMULATED
1.7025,-11.473856514768356,-3.45515025819737,C01-S001,C01-S001-M01,Unsupported Label,SIMULATED
1.70625,-12.274753482725071,-3.7389092547075276,C01-S001,C01-S001-M01,Unsupported Label,SIMULATED
1.71,-11.876710418824969,-3.929279152898147,C01-S001,C01-S001-M01,Unsupported Label,SIMULATED
1.71375,-11.734563520463238,-4.054646005430889,C01-S001,C01-S001-M01,Unsupported Label,SIMULATED
1.7175,-11.615450167952039,-3.835108138534531,C01-S001,C01-S001-M01,Unsupported Label,SIMULATED
1.72125,-11.586648359409116,-3.6872761046497837,C01-S001,C01-S001-M01,Unsupported Label,SIMULATED
1.725,-11.571471262177896,-3.658262446716845,C01-S001,C01-S001-M01,Unsupported Label,SIMULATED
1.72875,-11.924297777136113,-3.1340990772842323,C01-S001,C01-S001-M01,Unsupported Label,SIMULATED
1.7325,-11.969320970329028,-3.3451603267597565,C01-S001,C01-S001-M01,Unsupported Label,SIMULATED
1.73625,-11.58487142165014,-3.8534804417138706,C01-S001,C01-S001-M01,Unsupported Label,SIMULATED
1.74,-11.911999680525437,-3.5515127861473346,C01-S001,C01-S001-M01,Unsupported Label,SIMULATED
1.74375,-12.250334490555794,-3.7454381865447086,C01-S001,C01-S001-M01,Unsupported Label,SIMULATED
1.7475,-12.22129031597782,-3.7291428756889946,C01-S001,C01-S001-M01,Unsupported Label,SIMULATED
1.75125,-12.171448907278897,-3.6299395711132743,C01-S001,C01-S001-M01,Unsupported Label,SIMULATED
1.755,-11.7613846412871,-3.5396906600209,C01-S001,C01-S001-M01,Unsupported Label,SIMULATED
1.75875,-11.883311391917326,-3.7839247605771344,C01-S001,C01-S001-M01,Unsupported Label,SIMULATED
1.7625,-11.73496143703661,-3.461710924526704,C01-S001,C01-S001-M01,Unsupported Label,SIMULATED
1.7662499999999999,-12.08688665040048,-4.005938638526664,C01-S001,C01-S001-M01,Unsupported Label,SIMULATED
1.77,-11.928262050018512,-3.745479401248628,C01-S001,C01-S001-M01,Unsupported Label,SIMULATED
1.77375,-11.80574192068916,-3.138958623297004,C01-S001,C01-S001-M01,Unsupported Label,SIMULATED
1.7774999999999999,-12.10427213068656,-3.7245156439864755,C01-S001,C01-S001-M01,Unsupported Label,SIMULATED
1.78125,-11.892910306687599,-3.449975038275088,C01-S001,C01-S001-M01,Unsupported Label,SIMULATED
1.785,-12.247392033901884,-3.7880927479289612,C01-S001,C01-S001-M01,Unsupported Label,SIMULATED
1.78875,-12.17696917593439,-3.6869833166942207,C01-S001,C01-S001-M01,Unsupported Label,SIMULATED
1.7925,-12.202151031579456,-3.8564928186196172,C01-S001,C01-S001-M01,Unsupported Label,SIMULATED
1.7962500000000001,-12.466266382203832,-3.9004220301348096,C01-S001,C01-S001-M01,Unsupported Label,SIMULATED
1.8,-11.98158600223116,-4.06340512855049,C01-S001,C01-S001-M01,Unsupported Label,SIMULATED
1.80375,-12.288910423906968,-3.7899894047402958,C01-S001,C01-S001-M01,Unsupported Label,SIMULATED
1.8075,-12.164972599608761,-4.114671771674418,C01-S001,C01-S001-M01,Unsupported Label,SIMULATED
1.81125,-12.045317746658231,-3.767693857150116,C01-S001,C01-S001-M01,Unsupported Label,SIMULATED
1.815,-12.076564093197005,-3.6841690381678847,C01-S001,C01-S001-M01,Unsupported Label,SIMULATED
1.81875,-12.032021846060216,-3.873928141352545,C01-S001,C01-S001-M01,Unsupported Label,SIMULATED
1.8225,-12.282401170939096,-4.0478895974684495,C01-S001,C01-S001-M01,Unsupported Label,SIMULATED
1.82625,-12.40114001071409,-3.8875515065865187,C01-S001,C01-S001-M01,Unsupported Label,SIMULATED
1.83,-12.31941119778651,-4.087900315930891,C01-S001,C01-S001-M01,Unsupported Label,SIMULATED
1.83375,-12.823065742736594,-3.806588744485941,C01-S001,C01-S001-M01,Unsupported Label,SIMULATED
1.8375,-12.772368483684431,-4.487928594985839,C01-S001,C01-S001-M01,Unsupported Label,SIMULATED
1.84125,-12.756389855242652,-4.1461624547091525,C01-S001,C01-S001-M01,Unsupported Label,SIMULATED
1.845,-12.680052557740748,-4.56057690013412,C01-S001,C01-S001-M01,Unsupported Label,SIMULATED
1.84875,-12.282176755762132,-4.458687757559046,C01-S001,C01-S001-M01,Unsupported Label,SIMULATED
1.8525,-12.694895258533258,-3.789549944985966,C01-S001,C01-S001-M01,Unsupported Label,SIMULATED
1.85625,-12.55773631529586,-3.9189363945318503,C01-S001,C01-S001-M01,Unsupported Label,SIMULATED
1.8599999999999999,-12.075431595950489,-4.323248624124273,C01-S001,C01-S001-M01,Unsupported Label,SIMULATED
1.86375,-12.592853032404333,-4.527844853937396,C01-S001,C01-S001-M01,Unsupported Label,SIMULATED
1.8675,-12.28534058115368,-4.895270075414197,C01-S001,C01-S001-M01,Unsupported Label,SIMULATED
1.8712499999999999,-12.807137893447292,-4.330621111631423,C01-S001,C01-S001-M01,Unsupported Label,SIMULATED
1.875,-12.608967321835696,-3.63553404803158,C01-S001,C01-S001-M01,Unsupported Label,SIMULATED
1.87875,-12.852444479983301,-4.1281589714158535,C01-S001,C01-S001-M01,Unsupported Label,SIMULATED
1.8825,-12.689062259401839,-4.382767020494369,C01-S001,C01-S001-M01,Unsupported Label,SIMULATED
1.88625,-12.354983540710807,-4.152625905858704,C01-S001,C01-S001-M01,Unsupported Label,SIMULATED
1.8900000000000001,-13.14480370500405,-4.654485013242185,C01-S001,C01-S001-M01,Unsupported Label,SIMULATED
1.89375,-12.51562116107527,-4.366655519003552,C01-S001,C01-S001-M01,Unsupported Label,SIMULATED
1.8975,-12.593780887105078,-4.286699322326173,C01-S001,C01-S001-M01,Unsupported Label,SIMULATED
1.90125,-12.862318566935926,-4.346348633408677,C01-S001,C01-S001-M01,Unsupported Label,SIMULATED
1.905,-13.136690285145416,-4.150839029412719,C01-S001,C01-S001-M01,Unsupported Label,SIMULATED
1.90875,-12.699872044887313,-4.2727075137160835,C01-S001,C01-S001-M01,Unsupported Label,SIMULATED
1.9125,-12.89884929492718,-4.209661747506063,C01-S001,C01-S001-M01,Unsupported Label,SIMULATED
1.91625,-12.688558594736762,-4.54976217767855,C01-S001,C01-S001-M01,Unsupported Label,SIMULATED
1.92,-12.770054794146967,-4.183434228832295,C01-S001,C01-S001-M01,Unsupported Label,SIMULATED
1.92375,-12.314237262917143,-4.022197074043751,C01-S001,C01-S001-M01,Unsupported Label,SIMULATED
1.9275,-12.884675083750443,-4.66009705917126,C01-S001,C01-S001-M01,Unsupported Label,SIMULATED
1.93125,-13.137980542461948,-4.6543285506920595,C01-S001,C01-S001-M01,Unsupported Label,SIMULATED
1.935,-12.795208446884116,-4.134630614495611,C01-S001,C01-S001-M01,Unsupported Label,SIMULATED
1.93875,-12.801083518834186,-4.515012883878965,C01-S001,C01-S001-M01,Unsupported Label,SIMULATED
1.9425,-12.477486911387498,-4.145997968998578,C01-S001,C01-S001-M01,Unsupported Label,SIMULATED
1.94625,-12.65298063460349,-4.60292259009673,C01-S001,C01-S001-M01,Unsupported Label,SIMULATED
1.95,-12.814877760080424,-4.1612987262677334,C01-S001,C01-S001-M01,Unsupported Label,SIMULATED
1.9537499999999999,-12.501574816117891,-4.492769793041128,C01-S001,C01-S001-M01,Unsupported Label,SIMULATED
1.9575,-13.316073257876228,-4.476215390075242,C01-S001,C01-S001-M01,Unsupported Label,SIMULATED
1.96125,-13.170554259856766,-4.176596974774632,C01-S001,C01-S001-M01,Unsupported Label,SIMULATED
1.9649999999999999,-13.276148818743499,-4.65299791986127,C01-S001,C01-S001-M01,Unsupported Label,SIMULATED
1.96875,-13.13508918631606,-4.806222115242725,C01-S001,C01-S001-M01,Unsupported Label,SIMULATED
1.9725,-13.451608660273246,-4.70235725241409,C01-S001,C01-S001-M01,Unsupported Label,SIMULATED
1.97625,-12.869067010341738,-4.5006947794745775,C01-S001,C01-S001-M01,Unsupported Label,SIMULATED
1.98,-13.147911141523112,-4.999830755521377,C01-S001,C01-S001-M01,Unsupported Label,SIMULATED
1.98375,-13.544813507159386,-4.486127927398826,C01-S001,C01-S001-M01,Unsupported Label,SIMULATED
1.9875,-13.431343514977096,-4.783816880700847,C01-S001,C01-S001-M01,Unsupported Label,SIMULATED
1.99125,-13.056563167207818,-4.394787268420949,C01-S001,C01-S001-M01,Unsupported Label,SIMULATED
1.995,-12.924057413317808,-5.261037765867858,C01-S001,C01-S001-M01,Unsupported Label,SIMULATED
1.99875,-12.602368412810979,-4.891790592563088,C01-S001,C01-S001-M01,Unsupported Label,SIMULATED
2.0025,-12.354221502081458,-5.124858546673401,C01-S001,C01-S001-M01,Unsupported Label,SIMULATED
2.00625,-13.13223835352331,-4.936030987962306,C01-S001,C01-S001-M01,Unsupported Label,SIMULATED
2.01,-13.58288185211021,-4.6965116195154515,C01-S001,C01-S001-M01,Unsupported Label,SIMULATED
2.01375,-13.956463189445634,-4.8178153970512465,C01-S001,C01-S001-M01,Unsupported Label,SIMULATED
2.0175,-13.268826831549553,-4.855144103649216,C01-S001,C01-S001-M01,Unsupported Label,SIMULATED
2.02125,-13.62686864428349,-4.852802465049927,C01-S001,C01-S001-M01,Unsupported Label,SIMULATED
2.025,-13.543087663743163,-4.7868309614633855,C01-S001,C01-S001-M01,Unsupported Label,SIMULATED
2.02875,-13.639344271584228,-5.099569340559514,C01-S001,C01-S001-M01,Unsupported Label,SIMULATED
2.0324999999999998,-13.537018949722432,-4.7106323109592445,C01-S001,C01-S001-M01,Unsupported Label,SIMULATED
2.03625,-13.215974741517453,-4.744918366200881,C01-S001,C01-S001-M01,Unsupported Label,SIMULATED
2.04,-13.531647892385209,-4.836203468827285,C01-S001,C01-S001-M01,Unsupported Label,SIMULATED
2.04375,-13.671434728586663,-4.820715242727752,C01-S001,C01-S001-M01,Unsupported Label,SIMULATED
2.0475,-13.981786569004118,-4.909871228311266,C01-S001,C01-S001-M01,Unsupported Label,SIMULATED
2.05125,-14.22297518367314,-4.520417735074946,C01-S001,C01-S001-M01,Unsupported Label,SIMULATED
2.0549999999999997,-13.918237147542222,-5.058690998148878,C01-S001,C01-S001-M01,Unsupported Label,SIMULATED
2.05875,-13.842599395397325,-5.141599530035275,C01-S001,C01-S001-M01,Unsupported Label,SIMULATED
2.0625,-13.352589555591319,-5.280038283359943,C01-S001,C01-S001-M01,Unsupported Label,SIMULATED
2.06625,-13.902798549116461,-5.3794236140538505,C01-S001,C01-S001-M01,Unsupported Label,SIMULATED
2.07,-13.708387779575862,-5.464047225676304,C01-S001,C01-S001-M01,Unsupported Label,SIMULATED
2.07375,-14.216732193984242,-5.413581617794738,C01-S001,C01-S001-M01,Unsupported Label,SIMULATED
2.0775,-14.488532719478838,-5.2533202815262685,C01-S001,C01-S001-M01,Unsupported Label,SIMULATED
2.08125,-14.491005318598782,-5.1933788578526086,C01-S001,C01-S001-M01,Unsupported Label,SIMULATED
2.085,-14.489688295982758,-5.2997162086117395,C01-S001,C01-S001-M01,Unsupported Label,SIMULATED
2.08875,-13.706343487654996,-5.535174184334456,C01-S001,C01-S001-M01,Unsupported Label,SIMULATED
2.0925000000000002,-14.666028702654103,-5.175861972913747,C01-S001,C01-S001-M01,Unsupported Label,SIMULATED
2.09625,-14.244572605859492,-5.255825240317573,C01-S001,C01-S001-M01,Unsupported Label,SIMULATED
2.1,-14.84505720126231,-5.513788305598119,C01-S001,C01-S001-M01,Unsupported Label,SIMULATED
2.10375,-14.374052619451264,-5.675043796203319,C01-S001,C01-S001-M01,Unsupported Label,SIMULATED
2.1075,-14.618359404455191,-5.430125983022664,C01-S001,C01-S001-M01,Unsupported Label,SIMULATED
2.11125,-14.861774533493028,-5.560401822748179,C01-S001,C01-S001-M01,Unsupported Label,SIMULATED
2.115,-14.908166367862526,-5.997000743877201,C01-S001,C01-S001-M01,Unsupported Label,SIMULATED
2.11875,-15.17329643556148,-5.709651538755919,C01-S001,C01-S001-M01,Unsupported Label,SIMULATED
2.1225,-14.923237072939882,-5.674046844128632,C01-S001,C01-S001-M01,Unsupported Label,SIMULATED
2.1262499999999998,-15.27249525703464,-5.9959158358399245,C01-S001,C01-S001-M01,Unsupported Label,SIMULATED
2.13,-15.58079617389181,-5.776657991622883,C01-S001,C01-S001-M01,Unsupported Label,SIMULATED
2.13375,-15.67118160734532,-6.212494655384891,C01-S001,C01-S001-M01,Unsupported Label,SIMULATED
2.1375,-15.307657029204284,-5.5823512296635895,C01-S001,C01-S001-M01,Unsupported Label,SIMULATED
2.14125,-14.953647637278506,-5.641497451750841,C01-S001,C01-S001-M01,Unsupported Label,SIMULATED
2.145,-15.442985639276614,-6.037537367114666,C01-S001,C01-S001-M01,Unsupported Label,SIMULATED
2.1487499999999997,-15.585215872695171,-5.923281465008723,C01-S001,C01-S001-M01,Unsupported Label,SIMULATED
2.1525,-15.516939358381965,-6.619820409962289,C01-S001,C01-S001-M01,Unsupported Label,SIMULATED
2.15625,-15.257795014072602,-6.346961494004284,C01-S001,C01-S001-M01,Unsupported Label,SIMULATED
2.16,-15.624007910249299,-6.164757073288829,C01-S001,C01-S001-M01,Unsupported Label,SIMULATED
2.16375,-15.846182751264895,-6.372960636624657,C01-S001,C01-S001-M01,Unsupported Label,SIMULATED
2.1675,-15.416565790071084,-5.961988489800681,C01-S001,C01-S001-M01,Unsupported Label,SIMULATED
2.17125,-15.637536129952844,-5.668135382542432,C01-S001,C01-S001-M01,Unsupported Label,SIMULATED
2.175,-15.315101119895065,-6.4400625326819165,C01-S001,C01-S001-M01,Unsupported Label,SIMULATED
2.17875,-15.722368408856932,-6.364946676486144,C01-S001,C01-S001-M01,Unsupported Label,SIMULATED
2.1825,-16.138031480698437,-6.109817170961203,C01-S001,C01-S001-M01,Unsupported Label,SIMULATED
2.1862500000000002,-16.166430462988476,-5.778162312772818,C01-S001,C01-S001-M01,Unsupported Label,SIMULATED
2.19,-15.238135190451686,-6.452937610958914,C01-S001,C01-S001-M01,Unsupported Label,SIMULATED
2.19375,-15.186177007964524,-6.090910880189426,C01-S001,C01-S001-M01,Unsupported Label,SIMULATED
2.1975,-15.71980698512367,-5.701237502286498,C01-S001,C01-S001-M01,Unsupported Label,SIMULATED
2.20125,-15.7368472595008,-6.519219174004615,C01-S001,C01-S001-M01,Unsupported Label,SIMULATED
2.205,-15.133179551121874,-6.411730002384781,C01-S001,C01-S001-M01,Unsupported Label,SIMULATED
2.20875,-15.847796049769004,-6.184718522128877,C01-S001,C01-S001-M01,Unsupported Label,SIMULATED
2.2125,-15.723118889256202,-6.184368432182809,C01-S001,C01-S001-M01,Unsupported Label,SIMULATED
2.21625,-15.196293047535347,-5.838673972731362,C01-S001,C01-S001-M01,Unsupported Label,SIMULATED
2.2199999999999998,-15.438466401162783,-5.948173951193902,C01-S001,C01-S001-M01,Unsupported Label,SIMULATED
2.22375,-15.249246948633449,-6.403144465503566,C01-S001,C01-S001-M01,Unsupported Label,SIMULATED
2.2275,-15.221814767544492,-5.823240989539706,C01-S001,C01-S001-M01,Unsupported Label,SIMULATED
2.23125,-14.994618082626637,-6.054425227652817,C01-S001,C01-S001-M01,Unsupported Label,SIMULATED
2.235,-14.595351834126635,-5.578186186254291,C01-S001,C01-S001-M01,Unsupported Label,SIMULATED
2.23875,-14.911248059119112,-6.002526086411089,C01-S001,C01-S001-M01,Unsupported Label,SIMULATED
2.2424999999999997,-14.665673201833052,-5.97239088385818,C01-S001,C01-S001-M01,Unsupported Label,SIMULATED
2.24625,-15.394381326242684,-5.657487562068188,C01-S001,C01-S001-M01,Unsupported Label,SIMULATED
2.25,-14.714857951791505,-5.572259608998568,C01-S001,C01-S001-M01,Unsupported Label,SIMULATED
2.25375,-14.874911120236153,-5.616234644472013,C01-S001,C01-S001-M01,Unsupported Label,SIMULATED
2.2575,-14.910376768454462,-6.097296991121852,C01-S001,C01-S001-M01,Unsupported Label,SIMULATED
2.26125,-14.732321699226878,-5.5332828321722225,C01-S001,C01-S001-M01,Unsupported Label,SIMULATED
2.265,-14.494828467294196,-5.881088331396265,C01-S001,C01-S001-M01,Unsupported Label,SIMULATED
2.26875,-14.047289763928749,-5.547701839054083,C01-S001,C01-S001-M01,Unsupported Label,SIMULATED
2.2725,-14.649346580087979,-5.918115478110169,C01-S001,C01-S001-M01,Unsupported Label,SIMULATED
2.27625,-14.173619345167056,-5.442541296616557,C01-S001,C01-S001-M01,Unsupported Label,SIMULATED
2.2800000000000002,-14.261534281506615,-5.717506324737093,C01-S001,C01-S001-M01,Unsupported Label,SIMULATED
2.28375,-14.15021075205108,-5.807066638843347,C01-S001,C01-S001-M01,Unsupported Label,SIMULATED
2.2875,-13.688889861734449,-5.304288525194382,C01-S001,C01-S001-M01,Unsupported Label,SIMULATED
2.29125,-13.768285345693844,-5.395042311157848,C01-S001,C01-S001-M01,Unsupported Label,SIMULATED
2.295,-13.470690828578876,-5.5788760639220225,C01-S001,C01-S001-M01,Unsupported Label,SIMULATED
2.29875,-13.86261718541328,-5.062761064855104,C01-S001,C01-S001-M01,Unsupported Label,SIMULATED
2.3025,-13.971532457409275,-5.49733885268378,C01-S001,C01-S001-M01,Unsupported Label,SIMULATED
2.30625,-13.778473264501367,-5.365403373332078,C01-S001,C01-S001-M01,Unsupported Label,SIMULATED
2.31,-13.589157747399545,-5.291053813652176,C01-S001,C01-S001-M01,Unsupported Label,SIMULATED
2.3137499999999998,-13.561487061158894,-5.487718145378376,C01-S001,C01-S001-M01,Unsupported Label,SIMULATED
2.3175,-13.894218789542203,-5.210214040467786,C01-S001,C01-S001-M01,Unsupported Label,SIMULATED
2.32125,-13.498015037005437,-5.43644640293862,C01-S001,C01-S001-M01,Unsupported Label,SIMULATED
2.325,-13.414691297438498,-5.393142719984943,C01-S001,C01-S001-M01,Unsupported Label,SIMULATED
2.32875,-12.687573264750126,-4.954004467414888,C01-S001,C01-S001-M01,Unsupported Label,SIMULATED
2.3325,-12.840993930683279,-5.518182367968612,C01-S001,C01-S001-M01,Unsupported Label,SIMULATED
2.3362499999999997,-13.622746123750431,-5.835582040312681,C01-S001,C01-S001-M01,Unsupported Label,SIMULATED
2.34,-13.417125933749201,-4.8585893686595245,C01-S001,C01-S001-M01,Unsupported Label,SIMULATED
2.34375,-13.735412224290025,-4.622658403708702,C01-S001,C01-S001-M01,Unsupported Label,SIMULATED
2.3475,-13.440311600482229,-5.321585713265595,C01-S001,C01-S001-M01,Unsupported Label,SIMULATED
2.35125,-13.136311178748167,-5.679486071054493,C01-S001,C01-S001-M01,Unsupported Label,SIMULATED
2.355,-12.838227473090829,-5.279944809730665,C01-S001,C01-S001-M01,Unsupported Label,SIMULATED
2.35875,-13.388724253070942,-5.265327121312182,C01-S001,C01-S001-M01,Unsupported Label,SIMULATED
2.3625,-13.337213068885932,-5.233804453432953,C01-S001,C01-S001-M01,Unsupported Label,SIMULATED
2.36625,-13.757013301792,-5.447373710701693,C01-S001,C01-S001-M01,Unsupported Label,SIMULATED
2.37,-13.134307467665161,-5.033318809402623,C01-S001,C01-S001-M01,Unsupported Label,SIMULATED
2.37375,-13.377676432156939,-5.0390678272364,C01-S001,C01-S001-M01,Unsupported Label,SIMULATED
2.3775,-13.19193493267253,-5.516396327002434,C01-S001,C01-S001-M01,Unsupported Label,SIMULATED
2.38125,-13.270965861547184,-4.98294641948133,C01-S001,C01-S001-M01,Unsupported Label,SIMULATED
2.385,-13.011595165146353,-4.651323173974529,C01-S001,C01-S001-M01,Unsupported Label,SIMULATED
2.38875,-13.486602486075416,-5.096086327917263,C01-S001,C01-S001-M01,Unsupported Label,SIMULATED
2.3925,-13.3758823408111,-5.211857459982604,C01-S001,C01-S001-M01,Unsupported Label,SIMULATED
2.39625,-12.273958999105284,-5.158656313426077,C01-S001,C01-S001-M01,Unsupported Label,SIMULATED
2.4,-13.276370104586729,-4.970705746409458,C01-S001,C01-S001-M01,Unsupported Label,SIMULATED
2.40375,-13.197005232092954,-5.527620361717993,C01-S001,C01-S001-M01,Unsupported Label,SIMULATED
2.4074999999999998,-12.295111889733256,-5.0667835268426415,C01-S001,C01-S001-M01,Unsupported Label,SIMULATED
2.41125,-11.953250399729361,-5.194001469535232,C01-S001,C01-S001-M01,Unsupported Label,SIMULATED
2.415,-13.155175307876556,-4.650930090740703,C01-S001,C01-S001-M01,Unsupported Label,SIMULATED
2.41875,-12.893450772866244,-5.130385136548869,C01-S001,C01-S001-M01,Unsupported Label,SIMULATED
2.4225,-12.660105862710893,-4.682518332468594,C01-S001,C01-S001-M01,Unsupported Label,SIMULATED
2.42625,-12.223878839109704,-5.3419853613931245,C01-S001,C01-S001-M01,Unsupported Label,SIMULATED
2.4299999999999997,-13.018777275326482,-4.930468608610095,C01-S001,C01-S001-M01,Unsupported Label,SIMULATED
2.43375,-12.776852909474293,-4.989125294099689,C01-S001,C01-S001-M01,Unsupported Label,SIMULATED
2.4375,-12.450939702652155,-5.268772831246006,C01-S001,C01-S001-M01,Unsupported Label,SIMULATED
2.44125,-12.534912820037896,-5.012100256835945,C01-S001,C01-S001-M01,Unsupported Label,SIMULATED
2.445,-12.759733139609544,-4.758204268176908,C01-S001,C01-S001-M01,Unsupported Label,SIMULATED
2.44875,-12.668934107102487,-5.121519605836321,C01-S001,C01-S001-M01,Unsupported Label,SIMULATED
2.4525,-13.023532663525657,-5.444558223329396,C01-S001,C01-S001-M01,Unsupported Label,SIMULATED
2.45625,-12.665190398006608,-5.037467754570984,C01-S001,C01-S001-M01,Unsupported Label,SIMULATED
2.46,-12.65675152748441,-5.244700336530194,C01-S001,C01-S001-M01,Unsupported Label,SIMULATED
2.46375,-12.490731999191828,-5.10526164618624,C01-S001,C01-S001-M01,Unsupported Label,SIMULATED
2.4675,-12.711010405574545,-5.037792578857486,C01-S001,C01-S001-M01,Unsupported Label,SIMULATED
2.47125,-12.387495165311448,-5.422827554612415,C01-S001,C01-S001-M01,Unsupported Label,SIMULATED
2.475,-12.210237804312182,-5.396654796572221,C01-S001,C01-S001-M01,Unsupported Label,SIMULATED
2.47875,-12.453109353178162,-4.888812431780198,C01-S001,C01-S001-M01,Unsupported Label,SIMULATED
2.4825,-12.380527063800674,-5.125779254338725,C01-S001,C01-S001-M01,Unsupported Label,SIMULATED
2.48625,-12.457095634517753,-5.611911969059661,C01-S001,C01-S001-M01,Unsupported Label,SIMULATED
2.49,-12.460721147668567,-4.80430800632359,C01-S001,C01-S001-M01,Unsupported Label,SIMULATED
2.49375,-12.665678594345884,-4.9238727898462695,C01-S001,C01-S001-M01,Unsupported Label,SIMULATED
2.4975,-12.343533117124807,-5.157439561853563,C01-S001,C01-S001-M01,Unsupported Label,SIMULATED
2.5012499999999998,-12.457788009520145,-5.299337606601014,C01-S001,C01-S001-M01,Unsupported Label,SIMULATED
2.505,-11.79166681466717,-4.78023733578432,C01-S001,C01-S001-M01,Unsupported Label,SIMULATED
2.50875,-11.939563529240505,-4.894887097232388,C01-S001,C01-S001-M01,Unsupported Label,SIMULATED
2.5125,-12.288746621311978,-4.405196095305156,C01-S001,C01-S001-M01,Unsupported Label,SIMULATED
2.51625,-12.627363453159214,-4.874875221073516,C01-S001,C01-S001-M01,Unsupported Label,SIMULATED
2.52,-12.727163422107335,-4.881801458140141,C01-S001,C01-S001-M01,Unsupported Label,SIMULATED
2.5237499999999997,-12.0321660629244,-5.014489843353625,C01-S001,C01-S001-M01,Unsupported Label,SIMULATED
2.5275,-12.30784876827638,-4.778439693967866,C01-S001,C01-S001-M01,Unsupported Label,SIMULATED
2.53125,-12.240902599188875,-4.824957388909197,C01-S001,C01-S001-M01,Unsupported Label,SIMULATED
2.535,-12.907702769456769,-4.675556324689677,C01-S001,C01-S001-M01,Unsupported Label,SIMULATED
2.5387500000000003,-12.106575950108738,-5.102563583929685,C01-S001,C01-S001-M01,Unsupported Label,SIMULATED
2.5425,-12.250037252550724,-5.083900198589705,C01-S001,C01-S001-M01,Unsupported Label,SIMULATED
2.5462499999999997,-12.722084289186636,-5.096815168859571,C01-S001,C01-S001-M01,Unsupported Label,SIMULATED
2.55,-12.533983116970933,-4.794921849204096,C01-S001,C01-S001-M01,Unsupported Label,SIMULATED
2.55375,-12.317883592316536,-4.628420595748409,C01-S001,C01-S001-M01,Unsupported Label,SIMULATED
2.5575,-12.386536900709801,-5.101868877318501,C01-S001,C01-S001-M01,Unsupported Label,SIMULATED
2.5612500000000002,-12.4958918554311,-5.097769318743223,C01-S001,C01-S001-M01,Unsupported Label,SIMULATED
2.565,-12.445792910067679,-4.924831332665283,C01-S001,C01-S001-M01,Unsupported Label,SIMULATED
2.5687499999999996,-12.497221348051033,-5.063829251507535,C01-S001,C01-S001-M01,Unsupported Label,SIMULATED
2.5725,-12.382927095914152,-4.7811719732970195,C01-S001,C01-S001-M01,Unsupported Label,SIMULATED
2.57625,-11.994290379906337,-5.5550140925340274,C01-S001,C01-S001-M01,Unsupported Label,SIMULATED
2.58,-13.2125209742835,-5.217938548089884,C01-S001,C01-S001-M01,Unsupported Label,SIMULATED
2.58375,-12.519860359362813,-5.212178454592774,C01-S001,C01-S001-M01,Unsupported Label,SIMULATED
2.5875,-12.401371598431375,-5.585984256575263,C01-S001,C01-S001-M01,Unsupported Label,SIMULATED
2.59125,-12.370021954626251,-5.264804756479604,C01-S001,C01-S001-M01,Unsupported Label,SIMULATED
2.5949999999999998,-12.573602418641013,-5.257235899858381,C01-S001,C01-S001-M01,Unsupported Label,SIMULATED
2.59875,-12.990713335751138,-5.089469821723518,C01-S001,C01-S001-M01,Unsupported Label,SIMULATED
2.6025,-12.36519339581191,-4.777150392817076,C01-S001,C01-S001-M01,Unsupported Label,SIMULATED
2.60625,-11.943300528702276,-5.105507301122826,C01-S001,C01-S001-M01,Unsupported Label,SIMULATED
2.61,-12.917421901553276,-5.295826479501987,C01-S001,C01-S001-M01,Unsupported Label,SIMULATED
2.61375,-12.191584583146842,-5.063097308682049,C01-S001,C01-S001-M01,Unsupported Label,SIMULATED
2.6174999999999997,-12.540385891361343,-4.79785088546134,C01-S001,C01-S001-M01,Unsupported Label,SIMULATED
2.62125,-12.448911774612487,-5.283322547306834,C01-S001,C01-S001-M01,Unsupported Label,SIMULATED
2.625,-12.732678462035068,-5.266294255095648,C01-S001,C01-S001-M01,Unsupported Label,SIMULATED
2.62875,-12.50111796257823,-4.911620783108171,C01-S001,C01-S001-M01,Unsupported Label,SIMULATED
2.6325000000000003,-11.99253644000614,-5.096057195840631,C01-S001,C01-S001-M01,Unsupported Label,SIMULATED
2.63625,-12.187481744694557,-4.88407235613022,C01-S001,C01-S001-M01,Unsupported Label,SIMULATED
2.6399999999999997,-11.820474578201022,-5.038767210749936,C01-S001,C01-S001-M01,Unsupported Label,SIMULATED
2.64375,-11.96322751884195,-4.862649738681984,C01-S001,C01-S001-M01,Unsupported Label,SIMULATED
2.6475,-12.1596557416896,-5.274657484411134,C01-S001,C01-S001-M01,Unsupported Label,SIMULATED
2.65125,-11.742047877990148,-5.024065472572712,C01-S001,C01-S001-M01,Unsupported Label,SIMULATED
2.6550000000000002,-12.106566457916836,-5.0664997306533355,C01-S001,C01-S001-M01,Unsupported Label,SIMULATED
2.65875,-11.96236576503643,-5.302464226962099,C01-S001,C01-S001-M01,Unsupported Label,SIMULATED
2.6624999999999996,-12.27195644274455,-5.3806497765175125,C01-S001,C01-S001-M01,Unsupported Label,SIMULATED
2.66625,-12.135219005155534,-4.835743614053002,C01-S001,C01-S001-M01,Unsupported Label,SIMULATED
2.67,-12.336813444312543,-5.079691698583141,C01-S001,C01-S001-M01,Unsupported Label,SIMULATED
2.67375,-11.803530606899768,-5.236260668056296,C01-S001,C01-S001-M01,Unsupported Label,SIMULATED
2.6775,-12.427319017991143,-5.00982680135063,C01-S001,C01-S001-M01,Unsupported Label,SIMULATED
2.68125,-11.813310087395118,-4.7122898039730154,C01-S001,C01-S001-M01,Unsupported Label,SIMULATED
2.685,-12.080300962984687,-5.527151876959753,C01-S001,C01-S001-M01,Unsupported Label,SIMULATED
2.6887499999999998,-11.647839421232252,-5.336258872571497,C01-S001,C01-S001-M01,Unsupported Label,SIMULATED
2.6925,-11.751169697441593,-5.196410585142563,C01-S001,C01-S001-M01,Unsupported Label,SIMULATED
2.69625,-11.408632514115567,-4.62267112261645,C01-S001,C01-S001-M01,Unsupported Label,SIMULATED
2.7,-11.715219603945224,-4.904567888786906,C01-S001,C01-S001-M01,Unsupported Label,SIMULATED
2.70375,-12.386952185304152,-4.787873156268871,C01-S001,C01-S001-M01,Unsupported Label,SIMULATED
2.7075,-11.917593449153175,-5.245915087686361,C01-S001,C01-S001-M01,Unsupported Label,SIMULATED
2.7112499999999997,-12.232559112038755,-5.241813977604761,C01-S001,C01-S001-M01,Unsupported Label,SIMULATED
2.715,-12.021162926557974,-4.867090754079555,C01-S001,C01-S001-M01,Unsupported Label,SIMULATED
2.71875,-11.39828491812473,-4.962598353661102,C01-S001,C01-S001-M01,Unsupported Label,SIMULATED
2.7225,-11.647591078574822,-4.847464445606055,C01-S001,C01-S001-M01,Unsupported Label,SIMULATED
2.7262500000000003,-12.036914639465842,-5.027318578702773,C01-S001,C01-S001-M01,Unsupported Label,SIMULATED
2.73,-12.120878390068444,-4.919153172960996,C01-S001,C01-S001-M01,Unsupported Label,SIMULATED
2.7337499999999997,-11.797551255529166,-4.9520775120521385,C01-S001,C01-S001-M01,Unsupported Label,SIMULATED
2.7375,-12.164019116061862,-4.807940818271303,C01-S001,C01-S001-M01,Unsupported Label,SIMULATED
2.74125,-11.993044958760306,-4.805933140583413,C01-S001,C01-S001-M01,Unsupported Label,SIMULATED
2.745,-11.69168003918841,-5.393795451462788,C01-S001,C01-S001-M01,Unsupported Label,SIMULATED
2.7487500000000002,-11.433137181639568,-5.550151436164442,C01-S001,C01-S001-M01,Unsupported Label,SIMULATED
2.7525,-11.592356574306748,-4.7765069516676935,C01-S001,C01-S001-M01,Unsupported Label,SIMULATED
2.7562499999999996,-12.45837000464169,-4.738296675465127,C01-S001,C01-S001-M01,Unsupported Label,SIMULATED
2.76,-11.67635240494108,-5.274998821014517,C01-S001,C01-S001-M01,Unsupported Label,SIMULATED
2.76375,-11.743349968301677,-5.483349891292287,C01-S001,C01-S001-M01,Unsupported Label,SIMULATED
2.7675,-11.638646423989384,-5.020370514453273,C01-S001,C01-S001-M01,Unsupported Label,SIMULATED
2.77125,-11.276297998917943,-4.828064689621883,C01-S001,C01-S001-M01,Unsupported Label,SIMULATED
2.775,-12.378912567669675,-4.627516180013939,C01-S001,C01-S001-M01,Unsupported Label,SIMULATED
2.77875,-11.93642492883708,-4.942615407056224,C01-S001,C01-S001-M01,Unsupported Label,SIMULATED
2.7824999999999998,-11.581288455622651,-5.163411233740039,C01-S001,C01-S001-M01,Unsupported Label,SIMULATED
2.78625,-12.232761050441809,-5.296277517687875,C01-S001,C01-S001-M01,Unsupported Label,SIMULATED
2.79,-11.315420029418847,-5.086930113022398,C01-S001,C01-S001-M01,Unsupported Label,SIMULATED
2.79375,-11.647764637710047,-5.169251026827763,C01-S001,C01-S001-M01,Unsupported Label,SIMULATED
2.7975,-11.504455009984062,-5.3487619860632485,C01-S001,C01-S001-M01,Unsupported Label,SIMULATED
2.80125,-11.929912129289358,-4.621104770318232,C01-S001,C01-S001-M01,Unsupported Label,SIMULATED
2.8049999999999997,-11.514689285974681,-4.691942405029824,C01-S001,C01-S001-M01,Unsupported Label,SIMULATED
2.80875,-11.43840894433819,-4.8551990184144636,C01-S001,C01-S001-M01,Unsupported Label,SIMULATED
2.8125,-11.689115674935717,-5.356189748572728,C01-S001,C01-S001-M01,Unsupported Label,SIMULATED
2.81625,-11.68854005449171,-4.937159907665642,C01-S001,C01-S001-M01,Unsupported Label,SIMULATED
2.82,-11.677449049436637,-4.995854932445133,C01-S001,C01-S001-M01,Unsupported Label,SIMULATED
2.82375,-12.01701764691846,-5.049955817201207,C01-S001,C01-S001-M01,Unsupported Label,SIMULATED
2.8274999999999997,-11.801466991677676,-4.862829381531504,C01-S001,C01-S001-M01,Unsupported Label,SIMULATED
2.83125,-11.80185573365983,-5.016604140262274,C01-S001,C01-S001-M01,Unsupported Label,SIMULATED
2.835,-11.639633751001274,-4.997578083359335,C01-S001,C01-S001-M01,Unsupported Label,SIMULATED
2.83875,-11.452888120205115,-5.02813975827305,C01-S001,C01-S001-M01,Unsupported Label,SIMULATED
2.8425000000000002,-12.068180580563647,-5.104735094648336,C01-S001,C01-S001-M01,Unsupported Label,SIMULATED
2.84625,-11.785480183010545,-5.619817160229061,C01-S001,C01-S001-M01,Unsupported Label,SIMULATED
2.8499999999999996,-11.30044652342874,-5.1765914516913805,C01-S001,C01-S001-M01,Unsupported Label,SIMULATED
2.85375,-11.964390176347486,-5.334729236274067,C01-S001,C01-S001-M01,Unsupported Label,SIMULATED
2.8575,-11.983923026527176,-5.512649561677285,C01-S001,C01-S001-M01,Unsupported Label,SIMULATED
2.86125,-11.671975439174219,-4.805748706162203,C01-S001,C01-S001-M01,Unsupported Label,SIMULATED
2.865,-11.474239325642644,-4.797966878166334,C01-S001,C01-S001-M01,Unsupported Label,SIMULATED
2.86875,-11.718468489706307,-4.889890908891893,C01-S001,C01-S001-M01,Unsupported Label,SIMULATED
2.8725,-11.316991088920071,-5.157661900747877,C01-S001,C01-S001-M01,Unsupported Label,SIMULATED
2.8762499999999998,-11.451855427880762,-4.897198901670436,C01-S001,C01-S001-M01,Unsupported Label,SIMULATED
2.88,-11.448985366404438,-5.220515103230568,C01-S001,C01-S001-M01,Unsupported Label,SIMULATED
2.88375,-11.527351750706648,-5.1764163767740765,C01-S001,C01-S001-M01,Unsupported Label,SIMULATED
2.8875,-10.986759893740489,-5.488820627290806,C01-S001,C01-S001-M01,Unsupported Label,SIMULATED
2.89125,-11.737485609325756,-5.132029469304069,C01-S001,C01-S001-M01,Unsupported Label,SIMULATED
2.895,-12.26728763734542,-5.2133561228798255,C01-S001,C01-S001-M01,Unsupported Label,SIMULATED
2.8987499999999997,-11.174663502937735,-5.54065063213115,C01-S001,C01-S001-M01,Unsupported Label,SIMULATED
2.9025,-11.782377964088436,-5.240094508372632,C01-S001,C01-S001-M01,Unsupported Label,SIMULATED
2.90625,-11.601258197622176,-5.246367886259325,C01-S001,C01-S001-M01,Unsupported Label,SIMULATED
2.91,-11.22874552874412,-4.794882132541794,C01-S001,C01-S001-M01,Unsupported Label,SIMULATED
2.91375,-12.08972142105121,-5.010395071360891,C01-S001,C01-S001-M01,Unsupported Label,SIMULATED
2.9175,-11.97142701532617,-5.220622320088803,C01-S001,C01-S001-M01,Unsupported Label,SIMULATED
2.9212499999999997,-12.062675820948925,-5.161685815128558,C01-S001,C01-S001-M01,Unsupported Label,SIMULATED
2.925,-11.806378768585382,-5.208482022087264,C01-S001,C01-S001-M01,Unsupported Label,SIMULATED
2.92875,-11.421595422434734,-5.265174309730373,C01-S001,C01-S001-M01,Unsupported Label,SIMULATED
2.9325,-11.381100493861783,-5.4733351694249786,C01-S001,C01-S001-M01,Unsupported Label,SIMULATED
2.9362500000000002,-11.43988734200343,-5.246591397377085,C01-S001,C01-S001-M01,Unsupported Label,SIMULATED
2.94,-11.93057628539232,-5.385911195994459,C01-S001,C01-S001-M01,Unsupported Label,SIMULATED
2.9437499999999996,-12.18334193267038,-5.503168940535574,C01-S001,C01-S001-M01,Unsupported Label,SIMULATED
2.9475,-11.457181287732213,-5.076397845701527,C01-S001,C01-S001-M01,Unsupported Label,SIMULATED
2.95125,-11.597834605884795,-5.100953784865632,C01-S001,C01-S001-M01,Unsupported Label,SIMULATED
2.955,-11.300965548944564,-5.619218449175838,C01-S001,C01-S001-M01,Unsupported Label,SIMULATED
2.95875,-11.210367923054585,-5.215206837092472,C01-S001,C01-S001-M01,Unsupported Label,SIMULATED
2.9625,-11.361376782395993,-4.941968613764772,C01-S001,C01-S001-M01,Unsupported Label,SIMULATED
2.96625,-11.156457131421217,-4.921736774483682,C01-S001,C01-S001-M01,Unsupported Label,SIMULATED
2.9699999999999998,-11.297165170932324,-4.924621315249758,C01-S001,C01-S001-M01,Unsupported Label,SIMULATED
2.97375,-11.188156193639443,-5.1562323389461415,C01-S001,C01-S001-M01,Unsupported Label,SIMULATED
2.9775,-11.539672607408713,-5.363029305071592,C01-S001,C01-S001-M01,Unsupported Label,SIMULATED
2.98125,-11.363130183402276,-5.414870874649659,C01-S001,C01-S001-M01,Unsupported Label,SIMULATED
2.985,-11.231104786357587,-5.066581056758199,C01-S001,C01-S001-M01,Unsupported Label,SIMULATED
2.98875,-11.024818692998663,-5.052721224915907,C01-S001,C01-S001-M01,Unsupported Label,SIMULATED
2.9924999999999997,-11.369922340047589,-4.8292312436591365,C01-S001,C01-S001-M01,Unsupported Label,SIMULATED
2.99625,-11.076290303037046,-4.868639035091066,C01-S001,C01-S001-M01,Unsupported Label,SIMULATED
3.0,-11.293285099309214,-5.158834792705319,C01-S001,C01-S001-M01,Unsupported Label,SIMULATED
