sample_id,measurement_id,label,data_source,s11_max_db,s11_min_db,s11_mean_db,s11_median_db,s11_std_db,s11_range_db,s11_slope,s11_auc,s11_max_frequency_ghz,s11_min_frequency_ghz,s11_strongest_prominence_db,s21_max_db,s21_min_db,s21_mean_db,s21_median_db,s21_std_db,s21_range_db,s21_slope,s21_auc,s21_max_frequency_ghz,s21_min_frequency_ghz,s21_strongest_prominence_db
C01-S001,C01-S001-M01,Normal,SIMULATED,-10.986759893740489,-16.166430462988476,-12.702783093239017,-12.354221502081458,1.1672190421889084,5.179670569247987,0.4532733133715217,-19.05690466633374,2.8875,2.1862500000000002,4.883353457909445,-2.986474934335317,-6.619820409962289,-4.792002230490336,-4.942615407056224,0.7907947086638444,3.633345475626972,-1.1616166836327275,-7.189596805961186,1.67625,2.1525,2.214624314657133
C01-S001,C01-S001-M02,Normal,SIMULATED,-10.530679306249587,-16.13908515132915,-12.706701380437416,-12.361080793267053,1.1553808381296584,5.608405845079565,0.42722567147305035,-19.064782766098368,3.0,2.1675,5.311992986575717,-3.0546412221073442,-6.626704284107955,-4.7944239612633375,-4.982841047661456,0.7904722364485616,3.572063062000611,-1.2215941164785546,-7.193312193540617,1.62375,2.145,2.143854503727832
C01-S001,C01-S001-M03,Normal,SIMULATED,-10.685643478442534,-16.33300840773168,-12.74500976365713,-12.416436836642129,1.169072982656245,5.647364929289145,0.3364006626009788,-19.122142535565526,3.0,2.1862500000000002,5.3128397391578766,-2.7732796304023863,-6.62094442030969,-4.778921938261363,-4.937028117541663,0.8019319391737458,3.8476647899073035,-1.223718876152603,-7.169570215833652,1.65375,2.1862500000000002,2.291000730010402
C01-S002,C01-S002-M01,Normal,SIMULATED,-9.045972933279723,-14.99317245320229,-11.102170326981136,-10.846010877209437,1.214197037639179,5.947199519922567,0.6678121019917767,-16.656567939671348,2.83875,2.145,5.285749907321193,-3.284034666269814,-6.961987957800289,-5.006747508520653,-5.12403717282989,0.7513333209739042,3.6779532915304745,-1.0392312707261862,-7.5120013698189965,1.665,2.11875,2.498811403127122
C01-S002,C01-S002-M02,Normal,SIMULATED,-9.229863462284925,-15.274692100830443,-11.111263816915818,-10.815698006746016,1.2536805482977609,6.044828638545518,0.6976795217612307,-16.66916776205845,2.9025,2.1375,5.839624487346217,-3.330294492289948,-7.078816533934215,-5.0327825749431,-5.16495964906047,0.7781034263357456,3.748522041644267,-1.0811516452278773,-7.54931394294532,1.7475,2.1525,2.7586584547452686
C01-S002,C01-S002-M03,Normal,SIMULATED,-9.244189324827802,-15.130664084319179,-11.116569015948782,-10.812871485396949,1.215561935713752,5.886474759491376,0.7003554960767769,-16.676385534118573,2.835,2.1525,5.3839737430537,-3.440381922934876,-7.0416671196405485,-5.0295352498662185,-5.149619850886643,0.7544595552488108,3.6012851967056725,-1.0442943145097399,-7.54547252030077,1.66125,2.11125,2.637668278920562
C01-S003,C01-S003-M01,Normal,SIMULATED,-9.951953109027855,-15.925519766223767,-11.884508459127867,-11.655157060800375,1.097780514094757,5.973566657195912,0.508617273945689,-17.826913183379748,2.82,2.15625,5.447153679642927,-2.953390135450275,-6.727422745942797,-4.728535950708212,-4.881098064425199,0.7634018333190945,3.774032610492522,-1.1905084588687285,-7.092082741593833,1.5525,2.1525,2.403139213855738
C01-S003,C01-S003-M02,Normal,SIMULATED,-10.283370783107808,-15.535758375851072,-11.840340406304449,-11.582719954757478,1.0640844091039705,5.252387592743265,0.415817579206811,-17.76230698363508,1.83375,2.15625,5.157523910250038,-3.0884114662323343,-6.467633919018964,-4.736281276635174,-4.893032663711441,0.7452307948364546,3.37922245278663,-1.1589769442812128,-7.105026855248729,1.77,2.1825,2.3384973974874503
C01-S003,C01-S003-M03,Normal,SIMULATED,-10.265127865478956,-15.815352276373211,-11.859978587711648,-11.609398941354407,1.073916721157178,5.5502244108942556,0.38343594275486076,-17.792334859950678,1.74375,2.1487499999999997,5.542017243141544,-3.110892106309948,-6.53812256243557,-4.735167634490565,-4.894255847893659,0.7434350168908592,3.4272304561256215,-1.1574020256947455,-7.104995186275191,1.7662499999999999,2.175,2.3345063273242967
C01-S004,C01-S004-M01,Normal,SIMULATED,-9.023465983027881,-15.206589145231774,-11.2513470024317,-10.958215650902856,1.2967588860648451,6.183123162203893,0.6099806914333183,-16.881478778668125,2.9699999999999998,2.15625,5.371066053191903,-3.2288320086170605,-7.2537472394585265,-5.0919320291851315,-5.18422169093721,0.7831151007706468,4.024915230841466,-1.0447958277675873,-7.641057057768652,1.59,2.1375,2.7428079137717747
C01-S004,C01-S004-M02,Normal,SIMULATED,-9.104526309387577,-15.16832364420764,-11.210104403146305,-10.869869859777054,1.3126070359108166,6.0637973348200624,0.6217227340066203,-16.81969457184127,2.92875,2.1487499999999997,5.652092455533957,-3.086485858617831,-7.424661500470387,-5.0740580284837495,-5.162144926050531,0.8051538035268769,4.3381756418525566,-1.084985397198129,-7.613041594980278,1.50375,2.13375,2.8541175192416643
C01-S004,C01-S004-M03,Normal,SIMULATED,-8.610227944616716,-15.262442153570994,-11.241402213726179,-10.937771377947465,1.2735674610681873,6.652214208954279,0.486378985065978,-16.868279593982848,2.99625,2.1975,5.540543591707298,-3.0618975690620007,-7.063323355496663,-5.0901137940206045,-5.158692397449914,0.8165191773391496,4.0014257864346625,-1.0664197485757638,-7.638082422466523,1.54875,2.2125,2.4654240059637598
C01-S005,C01-S005-M01,Normal,SIMULATED,-9.622237430290989,-15.159683827272891,-11.187422277229684,-10.947491267200203,1.0153561275533065,5.5374463969819026,0.22026336791546539,-16.78341644751119,2.9475,2.19375,5.367357679946874,-2.928826389974695,-7.04583805195409,-4.877331484147404,-5.041531616346517,0.7502998211674121,4.117011661979395,-1.2778996057156267,-7.317261360514483,1.65,2.20125,2.3556975178424224
C01-S005,C01-S005-M02,Normal,SIMULATED,-9.460630975025506,-15.375963213339974,-11.173213313133617,-10.923106808074223,0.9815879984154634,5.915332238314468,0.1518802693373881,-16.76264509655421,2.96625,2.2125,5.51515735013936,-3.1296658608897765,-6.843315815338871,-4.856681572294903,-5.005548847909478,0.7695816400695028,3.713649954449094,-1.3431529715427732,-7.286288085050277,1.62,2.20875,2.377433072123573
C01-S005,C01-S005-M03,Normal,SIMULATED,-9.389706080526722,-15.195216787971457,-11.192866912502364,-10.955492324108086,0.9994327929081946,5.805510707444736,0.2595718823780025,-16.793640153886788,3.0,2.19375,5.449774754452827,-3.1232594502408,-6.709190782563832,-4.86571166490713,-5.0521710486350555,0.7611472493937939,3.5859313323230317,-1.2916275061080693,-7.29865821520713,1.68,2.205,2.1995181128425543
C01-S006,C01-S006-M01,Normal,SIMULATED,-10.812621542146767,-16.714637468651773,-12.877665664872973,-12.545903024269865,1.2051506785519195,5.9020159265050065,0.3595098661826732,-19.319408537860745,2.97375,2.2275,5.15988562148582,-2.9311995004713647,-6.5779998199288165,-4.600230151745024,-4.717114977352541,0.8246048558981559,3.646800319457452,-1.2153006760274732,-6.903323890117045,1.5,2.235,2.467031643206046
C01-S006,C01-S006-M02,Normal,SIMULATED,-10.92167864334067,-16.738725694593228,-12.864708444618742,-12.557207925937252,1.2164522814344914,5.817047051252558,0.4220421882030886,-19.302154727438506,3.0,2.23125,5.0893702530016665,-2.850220755860237,-6.691117731232858,-4.6143979930727586,-4.7329060972536565,0.8003508957474097,3.8408969753726208,-1.1652457576547157,-6.924720002925638,1.5975,2.23125,2.5788048532329944
C01-S006,C01-S006-M03,Normal,SIMULATED,-10.877540457142167,-16.988183344535045,-12.82661324162582,-12.498422195376945,1.231440800555169,6.110642887392878,0.33949776759961814,-19.24246925132599,2.8125,2.21625,5.626751037617582,-2.9337599945879247,-6.879208726271794,-4.62088499460884,-4.730598712494778,0.8061039034791119,3.9454487316838693,-1.1427662757589399,-6.932202934784545,1.545,2.235,2.843238699872474
C01-S007,C01-S007-M01,Normal,SIMULATED,-9.052131167656455,-15.48558807616027,-11.074426767341743,-10.777615251066731,1.2846828431130985,6.433456908503816,0.5445281086275696,-16.615548673528888,2.8499999999999996,2.15625,5.736798159892208,-3.0149782018044595,-7.059703782594351,-5.026838884093647,-5.093617335788373,0.7967254461841372,4.044725580789891,-1.0751522212216824,-7.541183571644277,1.5225,2.1675,2.478561238520462
C01-S007,C01-S007-M02,Normal,SIMULATED,-9.032497696769711,-15.51910384242911,-11.100859646501455,-10.794926708976895,1.29138166693216,6.486606145659399,0.5754305065822595,-16.655862202995532,2.92875,2.1675,5.592884762370467,-3.1488947705413106,-7.241232155284455,-5.025724263966077,-5.099194338470317,0.8017716190435463,4.092337384743145,-1.1006344489017827,-7.541480676009787,1.5225,2.17125,2.9114023188335363
C01-S007,C01-S007-M03,Normal,SIMULATED,-8.852353017151101,-15.603154182632547,-11.09047248994688,-10.762329639089222,1.2850533248732017,6.750801165481446,0.5425896531350457,-16.638888920581653,2.95875,2.1975,5.858655394844762,-3.066700132704623,-7.647202554681347,-5.009803218213223,-5.079666123429493,0.8228669843122958,4.580502421976725,-1.0957922807038352,-7.517971444990614,1.5,2.1862500000000002,3.257064534610623
C01-S008,C01-S008-M01,Normal,SIMULATED,-10.666901499547196,-16.202959407172735,-12.649558577387555,-12.34777217009203,1.2038618336334368,5.536057907625539,0.5011554869587223,-18.97760395266014,2.7975,2.1262499999999998,5.03356236474243,-2.8403119498639935,-6.7200773537420515,-4.749699522793572,-4.910000335404269,0.7686333803585548,3.879765403878058,-1.0814400254301693,-7.125641950785429,1.51125,2.1675,2.3734323742369954
C01-S008,C01-S008-M02,Normal,SIMULATED,-10.902514968665656,-16.47062175936164,-12.671413852987515,-12.40652727021865,1.2061394693784808,5.568106790695985,0.6113391509644707,-19.01017082153492,2.9212499999999997,2.16,5.194654546187385,-2.9600893892105087,-6.512099223546819,-4.785202869283943,-4.96822007698162,0.7724930597393797,3.5520098343363107,-1.1357192616460337,-7.180348538579411,1.68375,2.175,2.13952197524185
C01-S008,C01-S008-M03,Normal,SIMULATED,-10.605259544652162,-16.108584703495445,-12.662628678638791,-12.36296630930457,1.1991986971878625,5.503325158843284,0.6044865180429918,-18.99654178099953,2.9924999999999997,2.16,4.9332092399387655,-3.0058757878763886,-6.516792200240519,-4.765036417546412,-4.924188214332779,0.7858013928526745,3.5109164123641303,-1.1170030408622051,-7.149094229698009,1.52625,2.1675,2.11423277766791
C01-S009,C01-S009-M01,Normal,SIMULATED,-10.508674485145175,-15.853417744410768,-12.215216258825457,-11.949383183659572,1.1139072598760116,5.344743259265593,0.42742482609550037,-18.32553941323201,2.98875,2.13375,5.118541832171012,-2.951319600010899,-6.386474471432782,-4.683767132079606,-4.8494817932577,0.7482324960394663,3.4351548714218834,-1.1679564996834044,-7.0258995472986445,1.665,2.16375,2.2628111773465847
C01-S009,C01-S009-M02,Normal,SIMULATED,-10.629288370582314,-15.98386422599047,-12.238094661465928,-11.982586479816797,1.1110264504090483,5.3545758554081555,0.4477830607799868,-18.36103225623705,2.98875,2.175,5.309916137238471,-3.0016971133189503,-6.594739536974599,-4.738853687178137,-4.909890827374258,0.7350935204198047,3.5930424236556484,-1.1029817145330727,-7.110231736656238,1.64625,2.16,2.1684998267513214
C01-S009,C01-S009-M03,Normal,SIMULATED,-10.532671895940338,-16.14521539398475,-12.264426693594098,-11.972485685442969,1.0814051377524223,5.6125434980444115,0.4239727870628167,-18.399398993441807,2.985,2.17125,5.319950502761278,-3.0118370173223497,-6.439383204268744,-4.7181687328672,-4.87848998816395,0.7477016999481271,3.427546186946395,-1.2049014368259958,-7.078471589948987,1.68,2.16375,2.1286104982373084
C01-S010,C01-S010-M01,Normal,SIMULATED,-9.68779282745778,-15.567850950198087,-11.754106419558273,-11.442668104274828,1.2042000934439239,5.880058122740307,0.4952329794295926,-17.63454325947104,2.84625,2.16375,5.058902003092447,-3.269075633269814,-6.863910873277112,-4.8759295850105735,-5.021066182085305,0.7960194443538738,3.594835240007298,-1.1396293983132977,-7.314469089784318,1.60125,2.205,2.350068459119326
C01-S010,C01-S010-M02,Normal,SIMULATED,-9.768915726238937,-15.850824320885371,-11.742232309533497,-11.44631592030248,1.2046840913395311,6.081908594646434,0.48722201712567764,-17.61707663247921,2.9025,2.15625,5.4817515287402045,-3.256631299276108,-6.928503991891223,-4.847763862265532,-4.982113808695634,0.7787352538511735,3.6718726926151146,-1.121855426900807,-7.27369833607296,1.845,2.16,2.5893001000922498
C01-S010,C01-S010-M03,Normal,SIMULATED,-9.816139204164475,-15.732004649627733,-11.719585430713927,-11.388457711272828,1.2293087960523073,5.9158654454632575,0.5485416050393164,-17.582464578321684,2.90625,2.16,5.552809143589261,-3.0758763577704453,-6.796555986415358,-4.876253446970811,-4.9950649728311,0.802900304232462,3.7206796286449126,-1.1624160192434103,-7.314821315854913,1.50375,2.1825,2.445563749141842
C02-S001,C02-S001-M01,Crack Risk,SIMULATED,-9.975478335816454,-15.936385995523592,-11.899811449544856,-11.610298962921046,1.2643431396213756,5.9609076597071375,0.28759645924280214,-17.852468270630197,2.83125,2.2199999999999998,5.605336420695224,-3.3088999431393344,-7.106080866359567,-5.001105496470116,-5.159873691753857,0.8638150400598077,3.7971809232202323,-1.2624850733372859,-7.504306135308201,1.5975,2.2424999999999997,2.549001913492229
C02-S001,C02-S001-M02,Crack Risk,SIMULATED,-9.997557150659961,-15.841733664770391,-11.940109272155063,-11.622494728018662,1.26587015353918,5.84417651411043,0.34369831207403856,-17.913670230757134,2.86125,2.1825,5.4477955950069425,-3.1945196828012468,-7.189867306171494,-4.983664855290648,-5.162952529868674,0.8452157892742623,3.995347623370247,-1.2201006691257101,-7.477792005507871,1.5,2.21625,2.503441108872722
C02-S001,C02-S001-M03,Crack Risk,SIMULATED,-10.120141781625806,-16.04828596974446,-11.92283023468017,-11.635840758130033,1.29886541760528,5.928144188118653,0.296969423059473,-17.88552292321495,2.8575,2.1975,5.693438951714384,-3.090268892054083,-7.433476831435025,-4.992442351538155,-5.164550575706795,0.8530932427941977,4.3432079393809415,-1.2455728715380325,-7.49127714533452,1.6875,2.21625,2.9726614466648913
C02-S002,C02-S002-M01,Crack Risk,SIMULATED,-8.572157192734839,-14.856641218878748,-10.850174555061358,-10.487442972589154,1.4308679656194605,6.284484026143909,0.5549300329848291,-16.27929204183661,2.91375,2.20125,5.556971006260715,-3.6202176571027223,-7.615072743270927,-5.446558355684389,-5.575652771628133,0.898177081359491,3.994855086168205,-1.1454476773574067,-8.17295740463249,1.62375,2.1862500000000002,2.7784572653949065
C02-S002,C02-S002-M02,Crack Risk,SIMULATED,-8.467273167093385,-14.944443532692627,-10.852598791767445,-10.493869427070633,1.4252117509628155,6.4771703655992425,0.529994143232514,-16.284087771718525,2.94,2.20125,5.699043340450526,-3.5769877360917324,-7.458025655235747,-5.479435477155324,-5.629695144605787,0.8956421090538844,3.8810379191440143,-1.127914277990761,-8.220213496175248,1.74375,2.22375,2.527218785201363
C02-S002,C02-S002-M03,Crack Risk,SIMULATED,-8.78336635800578,-14.99117304904523,-10.869558530991664,-10.493652322501541,1.4137620823429236,6.207806691039449,0.4069885132596177,-16.309436880732413,2.8425000000000002,2.1975,5.685570632380875,-3.6369584653559457,-7.766764213911617,-5.471660211369032,-5.635119069134623,0.913432580701743,4.129805748555671,-1.1841818273768079,-8.209800808511366,1.755,2.2125,2.8381876320518646
C02-S003,C02-S003-M01,Crack Risk,SIMULATED,-9.411720227894174,-16.459980637166826,-11.800653906462472,-11.403675743969593,1.4681844395550554,7.048260409272652,0.4640598903260134,-17.705574423617804,2.9025,2.21625,6.363549968543735,-3.0851491934699276,-7.574426420187712,-5.138646891693965,-5.2078511512669605,0.9393161761984933,4.4892772267177845,-1.1380751766706159,-7.711380133175634,1.5375,2.1975,2.8905646100956437
C02-S003,C02-S003-M02,Crack Risk,SIMULATED,-9.400360764328333,-16.601413659770863,-11.811531769276016,-11.436179049426121,1.4707293266315253,7.20105289544253,0.5589198626766415,-17.722421482018937,2.88375,2.1975,6.422340054058621,-3.1661440047792646,-7.601238393983097,-5.126021170431865,-5.194850462115003,0.9335966271488794,4.435094389203833,-1.1535054515993364,-7.6918590873769155,1.515,2.2125,2.902363932719542
C02-S003,C02-S003-M03,Crack Risk,SIMULATED,-9.573591306448193,-16.1034310802831,-11.796067018076757,-11.406368712256965,1.4507721571103454,6.529839773834908,0.5043344211621306,-17.69983035085511,2.895,2.21625,6.185627675260317,-3.264998866239006,-7.749404221852691,-5.152647121527073,-5.226517430801442,0.9237943150852024,4.484405355613685,-1.1158538612518272,-7.731088074594747,1.50375,2.20125,3.1512494028806524
C02-S004,C02-S004-M01,Crack Risk,SIMULATED,-10.372807987910184,-16.482615933645537,-12.593331045603534,-12.180247275837209,1.3697276171060901,6.109807945735353,0.26314111759071646,-18.894329771511877,3.0,2.1975,5.693969088581099,-2.9759635599348178,-7.196923530833836,-4.9976800545052225,-5.088396518265759,0.9097949022163567,4.220959970899019,-1.229290872801108,-7.499304551418817,1.58625,2.2125,2.5836115903033674
C02-S004,C02-S004-M02,Crack Risk,SIMULATED,-10.102932737483107,-16.79223714917551,-12.579514218244881,-12.095475638366407,1.4217961443073408,6.689304411692403,0.3646278051788762,-18.87274943205267,2.9924999999999997,2.19,6.354342746492424,-2.9814893788998424,-7.112025693858978,-4.991205637070409,-5.110845623501803,0.8902727793032216,4.130536314959135,-1.2471923089225097,-7.489876463170807,1.53,2.20125,2.6025359961262886
C02-S004,C02-S004-M03,Crack Risk,SIMULATED,-10.413574243332294,-16.887204353432463,-12.581920491686763,-12.168051235129797,1.3980773087201788,6.473630110100169,0.17043746725308345,-18.879172766163972,3.0,2.2424999999999997,6.226399350494523,-2.743818768186861,-7.392535657737112,-4.998951525287195,-5.149205734081008,0.943710060718972,4.6487168895502515,-1.307932222370991,-7.502775329749031,1.5225,2.22375,2.8959983861113283
C02-S005,C02-S005-M01,Crack Risk,SIMULATED,-9.428629852394183,-15.706529614358237,-11.4850997724794,-11.105170312465617,1.3017068952376605,6.277899761964054,0.12214308994796091,-17.232158138250206,1.57125,2.2199999999999998,6.242583844211396,-3.17843073264901,-7.478683189965981,-5.040215497533153,-5.173937937124849,0.9022988548658151,4.3002524573169705,-1.3243204489565101,-7.561680455754518,1.63125,2.2424999999999997,2.7381653009810707
C02-S005,C02-S005-M02,Crack Risk,SIMULATED,-9.6778437685102,-15.528189334660397,-11.494443260968664,-11.132491907740462,1.2779512105396007,5.850345566150196,0.16835721019465597,-17.244671059343176,2.9175,2.265,5.61042093837756,-3.1467887345157894,-7.431447793049423,-5.049324050974729,-5.171911981141098,0.8895204407440063,4.2846590585336335,-1.3001333216468627,-7.576624444747061,1.575,2.21625,3.0682455640534396
C02-S005,C02-S005-M03,Crack Risk,SIMULATED,-9.305037682210711,-15.894659498710848,-11.483130895913238,-11.120708968741278,1.3054933545833727,6.589621816500136,0.1648062912416631,-17.227699413122593,2.985,2.235,6.086344515011676,-3.1080148086235333,-7.43369119129242,-5.030280927760437,-5.1647072721883935,0.9113260027115888,4.325676382668886,-1.3361769680412545,-7.547509492981707,1.50375,2.22375,2.7593553587080653
C02-S006,C02-S006-M01,Crack Risk,SIMULATED,-9.181126569993891,-15.164940251722891,-11.11638759677035,-10.744110939609781,1.2695735006108546,5.983813681729,-0.02031746923202109,-16.676726872069885,1.71,2.23125,5.712303929159427,-3.352855107593457,-7.277610389753834,-5.171067411751538,-5.325660784545794,0.8980912000915117,3.9247552821603766,-1.361285690207141,-7.758701671743341,1.61625,2.265,2.4529709056563833
C02-S006,C02-S006-M02,Crack Risk,SIMULATED,-9.035452219293301,-15.459876529932826,-11.151178943183359,-10.747831555458218,1.2622724128732767,6.424424310639525,0.1286874309729673,-16.731532860582874,2.98875,2.23125,5.949529527596592,-3.2300484438891464,-7.384106052638559,-5.151674924113065,-5.292254263294198,0.8683414655019275,4.154057608749413,-1.2989541364846617,-7.728908546450896,1.60125,2.2275,2.58532747143236
C02-S006,C02-S006-M03,Crack Risk,SIMULATED,-9.225882772023025,-15.628041157380856,-11.156350584661423,-10.787763769123515,1.261534851735776,6.402158385357831,0.11799151969938793,-16.73733598275311,2.96625,2.2424999999999997,6.099000333777209,-3.259439523627724,-7.575177804878901,-5.158157132209577,-5.2917193072522535,0.9070180910336503,4.3157382812511775,-1.342961048304406,-7.737459298811236,1.66875,2.2424999999999997,3.0114074623332883
C02-S007,C02-S007-M01,Crack Risk,SIMULATED,-10.082792541842483,-16.369671356529608,-11.86871143904913,-11.60242950324961,1.1906668378614478,6.286878814687125,0.40844796028210406,-17.805133082112228,2.88375,2.20125,5.878264763597551,-3.280299868012761,-6.978149942936971,-4.892673559556874,-5.027397334514036,0.7956646773851845,3.6978500749242103,-1.1332484344027671,-7.340592301994489,1.8075,2.2199999999999998,2.4768993997479365
C02-S007,C02-S007-M02,Crack Risk,SIMULATED,-10.230122576430222,-16.123998689735526,-11.887014748083294,-11.622639759888655,1.2173033179683381,5.8938761133053035,0.36365529546938274,-17.833030589623906,2.9625,2.175,5.615977906559557,-3.1549510977836603,-7.324502464631,-4.895115670799039,-5.0359177941271955,0.8370316275035343,4.16955136684734,-1.1458371351456673,-7.343735309957507,1.53375,2.20125,2.995047903067518
C02-S007,C02-S007-M03,Crack Risk,SIMULATED,-10.113046225759312,-16.097098704773796,-11.858541319070707,-11.551094593544933,1.2073970134758538,5.984052479014483,0.311370838539341,-17.788986672054197,2.8987499999999997,2.20125,5.887891630934028,-3.2103401799867957,-7.188272923572635,-4.863339709221618,-5.004692688342617,0.8255627057757902,3.977932743585839,-1.2080552690167095,-7.296734657122842,1.7325,2.20125,2.6940958370507797
C02-S008,C02-S008-M01,Crack Risk,SIMULATED,-9.995334496375282,-16.88344926147694,-12.577423945916848,-12.192883815312243,1.4059169221234527,6.888114765101658,0.5995602081988942,-18.871193828280454,2.97375,2.175,6.112516869915535,-3.105667531853455,-7.2605079668961645,-4.860076968957457,-4.911420815071974,0.8728200221488913,4.1548404350427095,-1.0360491210022107,-7.29351057535836,1.56375,2.175,2.7866630292553607
C02-S008,C02-S008-M02,Crack Risk,SIMULATED,-10.337464768683633,-16.929609227365255,-12.600535105270987,-12.268979092069715,1.3953471308230536,6.592144458681622,0.6349884660885547,-18.905344520644242,2.9775,2.1525,5.925646397684817,-2.8433705339247353,-7.300438571117146,-4.848951970348717,-4.894217523374478,0.8707316071607505,4.4570680371924105,-1.0398397376656507,-7.275364049667863,1.51875,2.1675,3.0351822313908947
C02-S008,C02-S008-M03,Crack Risk,SIMULATED,-10.275282338583269,-16.966631432393555,-12.564544862733777,-12.223456662296027,1.419164948954954,6.691349093810286,0.6666245171969801,-18.85319899615994,1.62375,2.145,6.683215940946308,-2.946894866721167,-7.31281497845057,-4.852688676844032,-4.897367740742099,0.8771216937643664,4.365920111729403,-1.0060246096833207,-7.281252825385378,1.515,2.2125,3.06529985026281
C02-S009,C02-S009-M01,Crack Risk,SIMULATED,-10.74727234609655,-17.641339569646206,-13.173564102230648,-12.792416428709315,1.4516137938348461,6.894067223549657,0.24185279640047452,-19.76653430910379,2.94,2.2125,6.386644156951629,-2.7638063705354265,-7.332088052351711,-4.847747757186193,-4.926676199661967,0.9376224023552677,4.568281681816284,-1.2231734439601234,-7.274274080900787,1.6575,2.2275,2.8890404327111954
C02-S009,C02-S009-M02,Crack Risk,SIMULATED,-10.797960257837822,-17.62349712886371,-13.175894557408279,-12.781784578275165,1.4447602589536892,6.825536871025889,0.25712721109845227,-19.767907780404045,2.99625,2.20875,6.1951357954745205,-2.8853573346272516,-7.074791978774812,-4.841620407160425,-4.939981271613863,0.9331274036483909,4.1894346441475605,-1.2069434476646241,-7.264406945677186,1.55625,2.25,2.66746068013314
C02-S009,C02-S009-M03,Crack Risk,SIMULATED,-10.756193329849344,-17.51551986707392,-13.175452802722775,-12.790619248796276,1.452461991700606,6.759326537224576,0.23813057421257833,-19.769215509667905,2.955,2.24625,6.125358782968355,-2.7855340437983434,-7.17615273288669,-4.868023850329049,-4.942425074038275,0.9522869833689056,4.390618689088347,-1.272552250561428,-7.305399843588551,1.575,2.26125,2.6331640870347908
C02-S010,C02-S010-M01,Crack Risk,SIMULATED,-10.589498118431566,-17.068322244220777,-12.550564711324514,-12.186978077375274,1.3453153991079516,6.478824125789211,0.2241938568309641,-18.829912654763763,2.9625,2.25375,5.922620557118519,-2.5725083793837826,-7.271118767822034,-4.695853910088133,-4.790570552957443,0.913117832998214,4.698610388438251,-1.2824897635700463,-7.045903414875811,1.50375,2.2275,3.02480829370561
C02-S010,C02-S010-M02,Crack Risk,SIMULATED,-10.384959878433529,-17.592663042384466,-12.547670787362106,-12.17069802196553,1.3605733999111655,7.207703163950937,0.22556521053282047,-18.826351037252678,2.9625,2.2424999999999997,6.424893836550822,-2.817946988594457,-7.208492087670003,-4.693642238676155,-4.815849780969758,0.8907845113882663,4.390545099075546,-1.2815643518985314,-7.042277480674841,1.53,2.20875,3.0550742320529567
C02-S010,C02-S010-M03,Crack Risk,SIMULATED,-10.426274781088651,-17.30718206636404,-12.566981060915856,-12.175248891078398,1.3441064435725127,6.880907285275388,0.1627455845965359,-18.854115135759578,2.9437499999999996,2.2575,5.966474611588657,-2.7202807458768232,-7.423710874796212,-4.704296060878669,-4.8020960885099475,0.9313895509144555,4.703430128919389,-1.355964039057174,-7.058548427369107,1.5825,2.24625,3.2153672654408787
C03-S001,C03-S001-M01,High Fracture Risk,SIMULATED,-10.914338584640001,-17.5265926844658,-13.095495579846979,-12.707013685356614,1.4044343206767758,6.612254099825799,-0.15025973067494142,-19.647017566761747,2.89125,2.30625,6.168456236927309,-3.0672128437809665,-7.697076772057194,-4.842053696982134,-4.943575324692876,0.9895323314232588,4.629863928276228,-1.423952179201959,-7.265373327231891,1.51125,2.3175,3.4356515850599223
C03-S001,C03-S001-M02,High Fracture Risk,SIMULATED,-10.995383944293675,-17.609949637060158,-13.113048276355526,-12.732692087809923,1.3875758046681215,6.614565692766483,-0.08019757068091406,-19.673979733347927,2.92875,2.29875,6.222419131667424,-3.0783293998693093,-7.3560712575398455,-4.850067613027594,-4.999773949221732,1.00277285990025,4.277741857670536,-1.4727038853029135,-7.276772890000166,1.80375,2.30625,2.871067732884395
C03-S001,C03-S001-M03,High Fracture Risk,SIMULATED,-10.940141308803572,-17.385081402657413,-13.089182562670397,-12.704433105828812,1.4272125832175473,6.444940093853841,-0.04780237722537337,-19.638001854091897,2.88,2.3137499999999998,5.949368122931498,-3.1188782084862754,-7.518490046785894,-4.837695757020985,-4.942427404558537,0.9852423536072206,4.399611838299618,-1.4276521737854098,-7.258088476634892,1.5075,2.29125,3.1560373688426075
C03-S002,C03-S002-M01,High Fracture Risk,SIMULATED,-10.037853410724065,-16.404422978378413,-11.926769736013307,-11.528999696394,1.3887261950895478,6.366569567654349,0.40224128130399744,-17.892938372911978,2.7487500000000002,2.1825,6.136311805712587,-3.415750523239883,-7.611217233513116,-5.105300976623251,-5.232368911204729,0.9091900563165238,4.195466710273234,-1.1465662556061602,-7.659184416355269,1.70625,2.205,3.2871732659474118
C03-S002,C03-S002-M02,High Fracture Risk,SIMULATED,-9.987907979318342,-16.24173411028013,-11.922076197150353,-11.513166432464658,1.3883636941478492,6.253826130961789,0.3947489073698153,-17.88725657494401,1.77,2.175,6.189188951247729,-3.043934115779972,-7.719189208818609,-5.108805972687883,-5.235570213175274,0.9251095153626409,4.675255093038636,-1.1705000240930408,-7.665023686586988,1.52625,2.19375,2.9147780160004926
C03-S002,C03-S002-M03,High Fracture Risk,SIMULATED,-9.954528700990023,-15.95492950823533,-11.889623374817779,-11.492354828167093,1.376386570551449,6.000400807245306,0.4673910383286183,-17.83903821946713,2.775,2.17875,5.708962892274995,-3.299596537153676,-7.367670982063103,-5.107640889999342,-5.258496731268278,0.9069679055291193,4.068074444909428,-1.159020967941218,-7.6631695099466794,1.59375,2.19,2.6570250113017337
C03-S003,C03-S003-M01,High Fracture Risk,SIMULATED,-10.184927503175254,-16.3311326355799,-12.11583838967328,-11.683838087608235,1.3460875232110152,6.146205132404644,0.08551579806990905,-18.177612297434848,2.8987499999999997,2.25375,6.005727594797742,-3.1703663366920107,-7.772705883353688,-5.016091694486719,-5.138322819532904,0.947729449428005,4.602339546661677,-1.3297664677132102,-7.525680593441566,1.67625,2.25375,3.197429045561866
C03-S003,C03-S003-M02,High Fracture Risk,SIMULATED,-10.244997377602356,-16.567687157918353,-12.130830997443038,-11.694401598466795,1.344625357845538,6.322689780315997,0.1547059376749612,-18.199514241628684,2.9212499999999997,2.24625,6.0686520076816475,-3.213242049074877,-7.7692955684971965,-5.02416924518597,-5.153653902579186,0.9510116532348011,4.556053519422319,-1.3434318301770192,-7.537305544046541,1.66125,2.2275,3.2090095917834445
C03-S003,C03-S003-M03,High Fracture Risk,SIMULATED,-10.23322118484003,-16.8648354242152,-12.119400702681602,-11.713635817231847,1.3532710629133586,6.631614239375171,0.13586998131552055,-18.182110929316984,2.7824999999999998,2.2275,6.399513228925915,-3.095106679287061,-7.573927699823566,-5.003634944530296,-5.120042176186767,0.9436839185298546,4.478821020536504,-1.3046019828326159,-7.506792308141755,1.65,2.23125,2.824796284625541
C03-S004,C03-S004-M01,High Fracture Risk,SIMULATED,-9.338299469972647,-16.599818735264062,-11.602798474050097,-11.121542808829753,1.509370945930353,7.261519265291415,0.27632494724125434,-17.40885862465199,2.96625,2.2125,6.415208399612496,-3.0940545707965987,-7.856764010903279,-5.0760273133011475,-5.119063974393167,0.9735496907137462,4.762709440106681,-1.1860144588672628,-7.616792439223762,1.53375,2.2575,3.289377350816765
C03-S004,C03-S004-M02,High Fracture Risk,SIMULATED,-9.165376895635275,-16.64234392175876,-11.630565973243137,-11.217549933346108,1.502129024648387,7.476967026123484,0.43748114692844237,-17.45198833516525,2.9362500000000002,2.235,6.540780832190478,-2.9785099287437555,-7.920977795911919,-5.0476866432337975,-5.065214798247462,0.9923772949709273,4.942467867168164,-1.1741817734030122,-7.573055568041028,1.55625,2.21625,3.32929438453474
C03-S004,C03-S004-M03,High Fracture Risk,SIMULATED,-9.433686787847977,-16.97925991354355,-11.613372806462491,-11.190768950331035,1.5124278664558277,7.545573125695574,0.3783158573560006,-17.423702232722313,2.97375,2.22375,6.73056344097488,-3.174694942164562,-8.057498491344969,-5.061823324566132,-5.065963105340281,0.9573084317841973,4.882803549180407,-1.110598631943492,-7.595070355940537,1.56,2.20125,3.5367073914446587
C03-S005,C03-S005-M01,High Fracture Risk,SIMULATED,-10.371728927551402,-17.42225010131969,-12.664329194105544,-12.286147606810415,1.4068948278575042,7.0505211737682885,0.3113625754615846,-19.000526336466386,2.95125,2.2275,6.600298070834903,-3.019886926567567,-7.346778380950084,-4.895817882782024,-4.977496498230506,0.9413758285619338,4.326891454382517,-1.2224129980956735,-7.3463418396541345,1.5375,2.23125,2.943528643013373
C03-S005,C03-S005-M02,High Fracture Risk,SIMULATED,-10.751246326451332,-17.4073340484717,-12.66377599685945,-12.270343902467326,1.3995776556219515,6.656087722020368,0.37075578973637313,-18.999210829479708,2.7525,2.21625,6.407989611390583,-3.004918957346808,-7.297604734942767,-4.898180340451047,-5.033727250203056,0.9213794644065367,4.292685777595959,-1.1921361337553067,-7.349286094022815,1.6724999999999999,2.20875,2.7774620049796193
C03-S005,C03-S005-M03,High Fracture Risk,SIMULATED,-10.727555558158906,-17.2654240005458,-12.666687989170045,-12.300440273041295,1.385365799542564,6.537868442386893,0.34154671045251633,-19.00299885908023,2.9362500000000002,2.2199999999999998,6.461064643920571,-3.023737682768312,-7.341311506817799,-4.918998050867123,-5.070841491983861,0.9319792216912726,4.317573824049488,-1.2508649544668429,-7.378797986784649,1.5525,2.23875,2.8542258258748667
C03-S006,C03-S006-M01,High Fracture Risk,SIMULATED,-9.394653541160894,-16.6029105404246,-11.788754569601757,-11.377356894451259,1.5485547784175797,7.208256999263705,0.2904143558350132,-17.689137196884204,3.0,2.2275,6.561174409639589,-3.045250959848635,-7.996752283071185,-5.126643971557802,-5.152786445436631,1.0193617854633539,4.9515013232225495,-1.2647655950058627,-7.693274656058284,1.53375,2.2275,3.3232520771365044
C03-S006,C03-S006-M02,High Fracture Risk,SIMULATED,-9.443181231561917,-16.593039423082264,-11.792883407286567,-11.33139976059231,1.5575617879082682,7.149858191520346,0.26790392956331577,-17.69293355722909,2.94,2.23125,6.734328859400907,-3.0207432651223978,-7.674247237941956,-5.096427461015856,-5.169753814763203,0.987706440785643,4.653503972819559,-1.2332770234845214,-7.647467701996495,1.50375,2.22375,3.0653892764943906
C03-S006,C03-S006-M03,High Fracture Risk,SIMULATED,-9.269306293460755,-16.63257265075134,-11.800709717555518,-11.34350911960198,1.5744690907295007,7.363266357290584,0.2707030642248742,-17.70566937696398,2.9924999999999997,2.2125,6.446849613914559,-3.0929799517030467,-7.98654068485355,-5.1314984649489155,-5.1680326154036464,1.0218361756875634,4.893560733150503,-1.2398200534862645,-7.699779082598176,1.5825,2.2125,3.2739009776961936
C03-S007,C03-S007-M01,High Fracture Risk,SIMULATED,-10.306118826628271,-16.758319440047714,-12.183715827225004,-11.805743893383923,1.4156851449395684,6.452200613419443,0.24219689128856006,-18.279919964161408,2.74125,2.235,6.2848299581768625,-3.169232200443949,-7.5364828243983215,-5.0981602987585335,-5.198912046699638,0.9463313385993855,4.367250623954373,-1.2232136872039998,-7.648908728948426,1.51875,2.22375,2.735783157593051
C03-S007,C03-S007-M02,High Fracture Risk,SIMULATED,-10.248104403964698,-16.394851883094226,-12.207940543934466,-11.797165999485618,1.4378926766067113,6.1467474791295285,0.3730742570456602,-18.315925068161448,2.7975,2.2125,5.954395922017275,-3.3322181155198463,-7.55063908734801,-5.131654352762318,-5.215539365160814,0.9356349119040238,4.218420971828164,-1.1536982856897022,-7.699409128146938,1.6575,2.1825,3.1335706970132913
C03-S007,C03-S007-M03,High Fracture Risk,SIMULATED,-10.23429378322898,-16.601403341967163,-12.205646460626848,-11.824008940658839,1.4268678467764573,6.367109558738184,0.2565392030826051,-18.31223231290941,2.85375,2.19375,6.029499427946302,-3.169823080682927,-7.750081870759472,-5.136754116609429,-5.258061051473963,0.9564555202008895,4.580258790076545,-1.2636209706130699,-7.707491138820272,1.7325,2.2199999999999998,3.0829880342463634
C03-S008,C03-S008-M01,High Fracture Risk,SIMULATED,-10.31709118965899,-16.824873008948895,-12.379842405019092,-11.903573799647116,1.5417148440553554,6.507781819289905,-0.08046555018068417,-18.574973707485945,3.0,2.295,6.385650850764945,-2.988325966377681,-7.860105670908233,-5.195004856240252,-5.28364931937426,1.0522035661506555,4.871779704530551,-1.4316957608912582,-7.795734325996965,1.57125,2.2725,3.1175859073623045
C03-S008,C03-S008-M02,High Fracture Risk,SIMULATED,-9.882654089142322,-16.910866838350543,-12.373346193551997,-11.885060227681219,1.5199256629291473,7.028212749208221,-0.12909898900251002,-18.563631755932526,2.955,2.2875,6.480773102214368,-3.1624456867194137,-7.783651888849661,-5.193241941156699,-5.297798940746331,1.0546824514230315,4.621206202130248,-1.4503070120449437,-7.792400433491299,1.57125,2.295,2.90549534587495
C03-S008,C03-S008-M03,High Fracture Risk,SIMULATED,-10.321152780265143,-16.929129076329556,-12.359342390366342,-11.87559845962008,1.5134950174470525,6.607976296064413,-0.13871850661895482,-18.54463377614925,2.9924999999999997,2.28375,6.580511531985744,-2.892555995911617,-7.749056782980403,-5.205924498058057,-5.28570800964491,1.0560354583118705,4.856500787068786,-1.454718673298276,-7.811662565542039,1.635,2.2725,3.02341533992883
C03-S009,C03-S009-M01,High Fracture Risk,SIMULATED,-9.267054151361732,-15.708863239949519,-11.103515316756152,-10.745260519724335,1.373546566493253,6.441809088587787,0.22947440507821754,-16.65847642261742,2.865,2.24625,6.131539438588696,-3.4005149845835265,-7.917346001084883,-5.311647539649706,-5.4414863427816424,0.9738471290740691,4.5168310165013565,-1.2810020135481512,-7.969055253611194,1.58625,2.2575,3.1542344733712016
C03-S009,C03-S009-M02,High Fracture Risk,SIMULATED,-9.132413360749048,-15.394251032395685,-11.146990429560711,-10.821176121917848,1.3734971505218867,6.261837671646637,0.3115531611157938,-16.72460611673819,2.985,2.23125,5.9323678164646,-3.3408442565595533,-7.748538468334989,-5.331592917839291,-5.487727631659456,0.940133398752448,4.407694211775436,-1.2630652814267826,-7.998575395973929,1.64625,2.22375,2.9025887000565014
C03-S009,C03-S009-M03,High Fracture Risk,SIMULATED,-9.17527016863613,-15.34449311519832,-11.141778252873586,-10.757261428491395,1.3952503500254174,6.16922294656219,0.2675040706937525,-16.71647413657091,2.9325,2.2199999999999998,5.9679705044299745,-3.399130231514645,-7.798951075103829,-5.325944888338453,-5.445090569923629,0.9298170636703383,4.3998208435891835,-1.230081596705671,-7.989894785775387,1.74375,2.25,2.9064287051239033
C03-S010,C03-S010-M01,High Fracture Risk,SIMULATED,-8.737554202379464,-15.645848241647162,-11.125389228570997,-10.651278423243367,1.4658406746224726,6.908294039267698,-0.037040809278828545,-16.69337233984014,1.68375,2.2725,6.570923381808873,-3.4505327100393606,-8.024175957857766,-5.420184970726734,-5.527855021748575,1.017593845851521,4.5736432478184055,-1.3901451626449863,-8.132422820352694,1.6875,2.28375,2.8938183599072413
C03-S010,C03-S010-M02,High Fracture Risk,SIMULATED,-9.236083047726403,-15.68432834484717,-11.148574671520068,-10.68640450992307,1.4672541520312934,6.448245297120767,0.16280807240938067,-16.727168368275002,2.98125,2.26125,6.306813948636478,-3.29917483058092,-7.812133771684902,-5.418517073748188,-5.5074931326749175,1.0066620116569511,4.512958941103982,-1.3349273001620634,-8.130122333924007,1.665,2.25,2.863646634014274
C03-S010,C03-S010-M03,High Fracture Risk,SIMULATED,-9.169349555695055,-15.490282520513476,-11.134034291617462,-10.65374546773313,1.4363500321911344,6.320932964818422,0.08181276078520998,-16.706250602250392,2.90625,2.25375,6.139169601786376,-3.448798920918864,-8.061767561618138,-5.4300226497982385,-5.480166029277784,1.0053111987751664,4.6129686406992745,-1.3545066017377658,-8.147821687310703,1.50375,2.26875,2.9887834103061657
